{"tr_loss": [2.4216121620113764, 1.4177026565540038, 1.0352503976880496, 0.9049050077315299, 0.7594891246379613, 0.6148046938138807, 0.5192970606954782, 0.4724834646497454, 0.39118491321481685, 0.3470628389748194, 0.29206122249685307, 0.2885174165306736, 0.23622071944440381, 0.1954315997854722, 0.1971117562046432, 0.19997513422402002, 0.17906485028713712, 0.1718715539176343, 0.1428718305952538, 0.1302432757551952], "tr_acc": [0.2073732718894009, 0.6175115207373272, 0.7004608294930875, 0.7542242703533026, 0.794162826420891, 0.8417818740399385, 0.8832565284178188, 0.8940092165898618, 0.9262672811059908, 0.9324116743471582, 0.9600614439324117, 0.9508448540706606, 0.967741935483871, 0.9815668202764977, 0.9631336405529954, 0.9708141321044547, 0.9754224270353302, 0.9646697388632872, 0.9815668202764977, 0.978494623655914], "ts_loss": [2.167699098587036, 1.8332663774490356, 1.7133482694625854, 1.5677019357681274, 1.468575119972229, 1.4198846817016602, 1.5165458917617798, 1.578369379043579, 1.4711835384368896, 1.4270565509796143, 1.434144377708435, 1.4402586221694946, 1.3949689865112305, 1.4031946659088135, 1.3781869411468506, 1.4315803050994873, 1.4692151546478271, 1.5550040006637573, 1.6958255767822266, 1.7477829456329346], "ts_acc": [0.4, 0.46666666666666673, 0.44761904761904764, 0.5142857142857143, 0.5142857142857143, 0.5047619047619049, 0.49523809523809526, 0.4571428571428572, 0.48571428571428577, 0.4571428571428572, 0.4761904761904762, 0.49523809523809526, 0.46666666666666673, 0.4571428571428572, 0.49523809523809526, 0.5047619047619049, 0.5333333333333334, 0.5333333333333334, 0.46666666666666673, 0.4761904761904762], "lr": [0.0001, 0.0001, 0.0001, 0.0001, 0.0001, 0.0001, 0.0001, 0.0001, 0.0001, 0.0001, 0.0001, 0.0001, 0.0001, 0.0001, 0.0001, 0.0001, 0.0001, 0.0001, 0.0001, 0.0001]}